First Name,Last Name,Address 1: City,Address 1: State/Province,Territory,Owner
Armin,Woodward,New Jersey,New Jersey,Northeast,Sebastian Wright
Heriberto,Nathan,Columbus,Ohio,Northeast,Sebastian Wright
Logan,Patterson,Pittsburgh,Pennsylvania,Northeast,Sebastian Wright
Sue,Vance,Toledo,Ohio,Northeast,Sebastian Wright
Tracy,Harding,Columbus,Ohio,Northeast,Sebastian Wright
Carlene,Avery,Denver,Colorado,Northwest,Sophia Martinez
Carly,Kurusarttra,Denver,Colorado,Northwest,Sophia Martinez
Conrad,Fenwick,Clinton,Utah,Northwest,Sophia Martinez
Freida,Farley,Bellevue,Washington,Northwest,Sophia Martinez
Kevin,Martin,Redmond,Washington,Northwest,Sophia Martinez
Lucy,Lambert,Seattle,Washington,Northwest,Sophia Martinez
Neel,Marke,Fort Collins,Colorado,Northwest,Sophia Martinez
Orestas,Schafer,Redmond,Washington,Northwest,Sophia Martinez
Robert,Lyon,Lynnwood,Washington,Northwest,Sophia Martinez
Roland,Hofmann,Port Orchard,Washington,Northwest,Sophia Martinez
Alex,Baker,San Francisco,California,Southwest,Alexander Reed
Angela,Nicholson,Santa Cruz,California,Southwest,Alexander Reed
Cacilia,Viera,Dallas,Texas,Southwest,Alexander Reed
Carole,Poland,San Francisco,California,Southwest,Alexander Reed
Daisy,Pope,Los Angeles,California,Southwest,Alexander Reed
Jan,Stevens,Newport Beach,California,Southwest,Alexander Reed
Nancy,Cook,Dallas,Texas,Southwest,Alexander Reed
Naoki,Sato,Santa Cruz,California,Southwest,Alexander Reed
Parsifal,Troker,Santa Cruz,California,Southwest,Alexander Reed
Rory,Flowers,San Jose,California,Southwest,Alexander Reed
Lina,Nevland,Chicago,Illinois,Southwest,Alexander Reed
Nealy,Middas,Kansas City,Missouri,Southwest,Alexander Reed
Rodrigo,Carrera,Madison,Illinois,Southwest,Alexander Reed
Aurora,Badillo,Richmond,Virginia,Southeast,Dominic Evans
Eva,Corets,Lynnwood,Tennessee,Southeast,Dominic Evans
Petr,Kar,Orlando,Florida,Southeast,Dominic Evans
Rachel,Michael,Orlando,Florida,Southeast,Dominic Evans
